,,,,,Inverse,Leveraged,Leverage Prob,0.7,,,,
,,,,500,100,100,Initial,100000,Shares,,,
Date,Down,Neutral,Up,2800-HK,7300-HK,7200-HK,Theoretical Up Buy,Theoretical Down Buy,2800 Shares,7300 Shares,7200 Shares,Sell
20160321,0.017628806,0.008021906,0.97434932,20.965433,#N/A,#N/A,10482.7165,0,500,0,0,
20160322,0.012353796,0.006503148,0.981142998,20.924,#N/A,#N/A,10462,0,500,0,0,
20160323,0.044579044,0.012522316,0.942898631,20.862522,#N/A,#N/A,10431.261,0,500,0,0,
20160324,0.631887913,0.023129772,0.344982266,20.631151,#N/A,#N/A,0,0,0,0,0,
20160329,0.899076998,0.012125698,0.088797301,20.609219,#N/A,#N/A,0,0,0,0,0,
20160330,0.74029386,0.018959977,0.240746155,21.03331,#N/A,#N/A,0,0,0,0,0,
20160331,0.515145957,0.025951948,0.458902121,21.05048,#N/A,#N/A,0,0,0,0,0,
20160401,0.615209877,0.025257025,0.359533072,20.857426,#N/A,#N/A,0,0,0,0,0,
20160405,0.434934288,0.023373183,0.541692555,20.467707,#N/A,#N/A,10233.8535,0,500,0,0,
20160406,0.905170977,0.01095387,0.083875179,20.45485,#N/A,#N/A,0,0,0,0,0,
20160407,0.966852009,0.004950437,0.028197557,20.51035,#N/A,#N/A,0,0,0,0,0,
20160408,0.882622063,0.01230599,0.105071977,20.445042,#N/A,#N/A,0,0,0,0,0,
20160411,0.729474306,0.022935878,0.247589767,20.691826,#N/A,#N/A,0,0,0,0,0,
20160412,0.374060601,0.028005004,0.597934365,20.80154,#N/A,#N/A,10400.77,0,500,0,0,
20160413,0.052390415,0.013467294,0.934142292,21.30785,#N/A,#N/A,10653.925,0,500,0,0,
20160414,0.006758554,0.003041739,0.990199745,21.662598,#N/A,#N/A,10831.299,0,500,0,0,
20160415,0.011274147,0.004521104,0.98420471,21.645998,#N/A,#N/A,10822.999,0,500,0,0,
20160418,0.026352789,0.007520835,0.966126382,21.377192,#N/A,#N/A,10688.596,0,500,0,0,
20160419,0.121529408,0.016921634,0.86154902,21.666592,#N/A,#N/A,10833.296,0,500,0,0,
20160420,0.610065281,0.02517228,0.364762425,21.535372,#N/A,#N/A,0,0,0,0,0,
20160421,0.425313205,0.028987665,0.54569912,21.867468,#N/A,#N/A,10933.734,0,500,0,0,
20160422,0.34581241,0.027661944,0.6265257,21.74218,#N/A,#N/A,10871.09,0,500,0,0,
20160425,0.523178101,0.027147902,0.44967398,21.676294,#N/A,#N/A,0,0,0,0,0,
20160426,0.611475706,0.022177337,0.366346925,21.59202,#N/A,#N/A,0,0,0,0,0,
20160427,0.769635916,0.016803497,0.213560611,21.675165,#N/A,#N/A,0,0,0,0,0,
20160428,0.754671276,0.017906057,0.227422729,21.621689,#N/A,#N/A,0,0,0,0,0,
20160429,0.828516304,0.015663626,0.155820087,21.21172,#N/A,#N/A,0,0,0,0,0,
20160503,0.692008793,0.023335366,0.284655809,20.93284,#N/A,#N/A,0,0,0,0,0,
20160504,0.895643055,0.010088084,0.094268873,20.626028,#N/A,#N/A,0,0,0,0,0,
20160505,0.90991652,0.008563769,0.081519753,20.601646,#N/A,#N/A,0,0,0,0,0,
20160506,0.928498924,0.006902973,0.064598098,20.338308,#N/A,#N/A,0,0,0,0,0,
20160509,0.949334383,0.006033582,0.044631995,20.3186,#N/A,#N/A,0,0,0,0,0,
20160510,0.760724306,0.019845227,0.219430447,20.3099,#N/A,#N/A,0,0,0,0,0,
20160511,0.490296483,0.02881646,0.480887115,20.238,#N/A,#N/A,0,0,0,0,0,
20160512,0.386575311,0.030557966,0.582866788,20.07394,#N/A,#N/A,10036.97,0,500,0,0,
20160513,0.289207608,0.027757047,0.683035314,19.861662,#N/A,#N/A,9930.831,0,500,0,0,
20160516,0.51842469,0.029296918,0.452278405,20.00434,#N/A,#N/A,0,0,0,0,0,
20160517,0.549030066,0.027054619,0.423915327,20.109459,#N/A,#N/A,0,0,0,0,0,
20160518,0.52771914,0.026526922,0.445753932,19.973879,#N/A,#N/A,0,0,0,0,0,
20160519,0.75105387,0.020469792,0.22847639,19.904348,#N/A,#N/A,0,0,0,0,0,
20160520,0.713549793,0.021692298,0.264757872,20.100529,#N/A,#N/A,0,0,0,0,0,
20160523,0.75402081,0.017144863,0.228834391,20.109358,#N/A,#N/A,0,0,0,0,0,
20160524,0.778954804,0.017040828,0.204004332,20.01491,#N/A,#N/A,0,0,0,0,0,
20160525,0.340913713,0.023493078,0.635593176,20.599768,#N/A,#N/A,10299.884,0,500,0,0,
20160526,0.254141212,0.017973337,0.727885485,20.590466,#N/A,#N/A,10295.233,0,500,0,0,
20160527,0.233062729,0.020635732,0.746301591,20.767326,#N/A,#N/A,10383.663,0,500,0,0,
20160530,0.084015071,0.011206943,0.904778063,20.913963,#N/A,#N/A,10456.9815,0,500,0,0,
20160531,0.101261854,0.012930583,0.885807514,21.127937,#N/A,#N/A,10563.9685,0,500,0,0,
20160601,0.19863151,0.020143738,0.781224787,21.066446,#N/A,#N/A,10533.223,0,500,0,0,
20160602,0.400129288,0.023366369,0.576504409,21.122728,#N/A,#N/A,10561.364,0,500,0,0,
20160603,0.319174677,0.023564944,0.657260418,21.27872,#N/A,#N/A,10639.36,0,500,0,0,
20160606,0.282262444,0.02778591,0.689951658,21.280354,#N/A,#N/A,10640.177,0,500,0,0,
20160607,0.085252136,0.019062992,0.895684838,21.59753,#N/A,#N/A,10798.765,0,500,0,0,
20160608,0.047758557,0.01242748,0.939813912,21.626434,#N/A,#N/A,10813.217,0,500,0,0,
20160610,0.09694121,0.018444438,0.884614408,21.51969,#N/A,#N/A,10759.845,0,500,0,0,
20160613,0.77984488,0.018856438,0.201298743,20.88042,#N/A,#N/A,0,0,0,0,0,
20160614,0.950922012,0.005715198,0.043362815,20.826012,#N/A,#N/A,0,0,0,0,0,
20160615,0.973135054,0.002823137,0.024041811,20.76999,#N/A,#N/A,0,0,0,0,0,
20160616,0.985825837,0.001929983,0.012244084,20.46798,#N/A,#N/A,0,0,0,0,0,
20160617,0.673910201,0.020883575,0.30520618,20.606474,#N/A,#N/A,0,0,0,0,0,
20160620,0.215730146,0.023983041,0.760286808,20.852402,#N/A,#N/A,10426.201,0,500,0,0,
20160621,0.139695585,0.016133931,0.844170451,21.011518,#N/A,#N/A,10505.759,0,500,0,0,
20160622,0.054405473,0.009941404,0.93565309,21.199654,#N/A,#N/A,10599.827,0,500,0,0,
20160623,0.156923965,0.015726145,0.827349901,21.349024,#N/A,#N/A,10674.512,0,500,0,0,
20160624,0.843060195,0.015144108,0.141795725,20.61051,#N/A,#N/A,0,0,0,0,0,
20160627,0.964442074,0.005348329,0.030209653,20.641285,#N/A,#N/A,0,0,0,0,0,
20160628,0.969438076,0.003361365,0.027200595,20.603327,#N/A,#N/A,0,0,0,0,0,
20160629,0.783338547,0.016938761,0.199722677,20.944862,#N/A,#N/A,0,0,0,0,0,
20160630,0.042611435,0.020518294,0.936870277,21.314745,#N/A,#N/A,10657.3725,0,500,0,0,
20160704,0.003228223,0.002471146,0.994300604,21.637674,#N/A,#N/A,10818.837,0,500,0,0,
20160705,0.006172457,0.001977026,0.991850436,21.391844,#N/A,#N/A,10695.922,0,500,0,0,
20160706,0.070118181,0.01370977,0.916172087,20.94483,#N/A,#N/A,10472.415,0,500,0,0,
20160707,0.137896284,0.024000688,0.838103056,21.236115,#N/A,#N/A,10618.0575,0,500,0,0,
20160708,0.720772982,0.021841852,0.257385224,21.084536,#N/A,#N/A,0,0,0,0,0,
20160711,0.268540025,0.024671437,0.70678854,21.469097,#N/A,#N/A,10734.5485,0,500,0,0,
20160712,0.031933706,0.007518182,0.960548103,21.722511,#N/A,#N/A,10861.2555,0,500,0,0,
20160713,0.029509207,0.005525733,0.964965045,21.91442,#N/A,#N/A,10957.21,0,500,0,0,
20160714,0.012684441,0.00412084,0.983194649,22.025578,#N/A,#N/A,11012.789,0,500,0,0,
20160715,0.045144659,0.009597751,0.945257604,22.223183,#N/A,#N/A,11111.5915,0,500,0,0,
20160718,0.099420436,0.01869246,0.881887078,22.35142,#N/A,#N/A,11175.71,0,500,0,0,
20160719,0.130124748,0.019881651,0.849993587,22.255238,#N/A,#N/A,11127.619,0,500,0,0,
20160720,0.152780339,0.019998411,0.827221274,22.420849,#N/A,#N/A,11210.4245,0,500,0,0,
20160721,0.166723132,0.019204004,0.814072847,22.619,#N/A,#N/A,11309.5,0,500,0,0,
20160722,0.361401498,0.019952573,0.618645906,22.498764,#N/A,#N/A,11249.382,0,500,0,0,
20160725,0.367105424,0.023021271,0.609873295,22.522,#N/A,#N/A,11261,0,500,0,0,
20160726,0.329210699,0.022946239,0.647843063,22.758759,#N/A,#N/A,11379.3795,0,500,0,0,
20160727,0.52605933,0.024839858,0.449100792,22.73082,#N/A,#N/A,0,0,0,0,0,
20160728,0.371546149,0.028305253,0.600148559,22.728853,#N/A,#N/A,11364.4265,0,500,0,0,
20160729,0.575588644,0.026857538,0.397553802,22.59,#N/A,#N/A,0,0,0,0,0,
20160801,0.607861936,0.025106674,0.367031336,22.751076,#N/A,#N/A,0,0,0,0,0,
20160803,0.833405316,0.016120149,0.150474444,22.355341,#N/A,#N/A,0,0,0,0,0,
20160804,0.789166927,0.01735669,0.193476409,22.438026,#N/A,#N/A,0,0,0,0,0,
20160805,0.581170142,0.024972191,0.393857628,22.708723,#N/A,#N/A,0,0,0,0,0,
20160808,0.289695799,0.026976151,0.683328032,23.02631,#N/A,#N/A,11513.155,0,500,0,0,
20160809,0.0414203,0.01289754,0.945682108,23.047827,#N/A,#N/A,11523.9135,0,500,0,0,
20160810,0.072033755,0.012684949,0.915281296,23.084318,#N/A,#N/A,11542.159,0,500,0,0,
20160811,0.172413602,0.021130556,0.806455791,23.146656,#N/A,#N/A,11573.328,0,500,0,0,
20160812,0.227219075,0.02314822,0.749632716,23.39509,#N/A,#N/A,11697.545,0,500,0,0,
20160815,0.27149123,0.02159963,0.70690912,23.572062,#N/A,#N/A,11786.031,0,500,0,0,
20160816,0.275353819,0.022983871,0.701662242,23.555704,#N/A,#N/A,11777.852,0,500,0,0,
20160817,0.209347397,0.0224132,0.768239439,23.565548,#N/A,#N/A,11782.774,0,500,0,0,
20160818,0.411372453,0.027547412,0.561080158,23.723158,#N/A,#N/A,11861.579,0,500,0,0,
20160819,0.588063836,0.02761076,0.384325355,23.604,#N/A,#N/A,0,0,0,0,0,
20160822,0.663730145,0.027016204,0.309253693,23.514,#N/A,#N/A,0,0,0,0,0,
20160823,0.658559799,0.025514314,0.315925956,23.585047,#N/A,#N/A,0,0,0,0,0,
20160824,0.690062404,0.022807701,0.287129939,23.473188,#N/A,#N/A,0,0,0,0,0,
20160825,0.650590062,0.022857491,0.326552451,23.471018,#N/A,#N/A,0,0,0,0,0,
20160826,0.585220456,0.023334105,0.391445458,23.594511,#N/A,#N/A,0,0,0,0,0,
20160829,0.671583235,0.021618906,0.306797862,23.4615,#N/A,#N/A,0,0,0,0,0,
20160830,0.57465905,0.023687828,0.401653111,23.650217,#N/A,#N/A,0,0,0,0,0,
20160831,0.616597295,0.023137134,0.360265613,23.643635,#N/A,#N/A,0,0,0,0,0,
20160901,0.680977762,0.021674763,0.297347486,23.731054,#N/A,#N/A,0,0,0,0,0,
20160902,0.586954296,0.023755072,0.389290571,23.955019,#N/A,#N/A,0,0,0,0,0,
20160905,0.398251146,0.02653102,0.575217783,24.305248,#N/A,#N/A,12152.624,0,500,0,0,
20160906,0.233681574,0.024310747,0.742007732,24.380554,#N/A,#N/A,12190.277,0,500,0,0,
20160907,0.080873221,0.015062119,0.904064655,24.428312,#N/A,#N/A,12214.156,0,500,0,0,
20160908,0.085899174,0.015096586,0.899004281,24.498278,#N/A,#N/A,12249.139,0,500,0,0,
20160909,0.380037129,0.026314607,0.593648255,24.832214,#N/A,#N/A,12416.107,0,500,0,0,
20160912,0.968764246,0.004851146,0.02638462,24.199911,#N/A,#N/A,0,0,0,0,0,
20160913,0.978959262,0.003465992,0.017574701,24.20064,#N/A,#N/A,0,0,0,0,0,
20160914,0.994241357,0.00112382,0.004634865,23.97464,#N/A,#N/A,0,0,0,0,0,
20160915,0.988630772,0.001934208,0.00943501,24.037462,#N/A,#N/A,0,0,0,0,0,
20160919,0.327097028,0.025709189,0.64719373,24.24688,#N/A,#N/A,12123.44,0,500,0,0,
20160920,0.316936165,0.023986284,0.659077585,24.219898,#N/A,#N/A,12109.949,0,500,0,0,
20160921,0.037972212,0.010508941,0.951518834,24.34925,#N/A,#N/A,12174.625,0,500,0,0,
20160922,0.015115503,0.006387554,0.978496909,24.633,#N/A,#N/A,12316.5,0,500,0,0,
20160923,0.051870596,0.01171926,0.936410129,24.485977,#N/A,#N/A,12242.9885,0,500,0,0,
20160926,0.184248686,0.024002569,0.791748762,24.158852,#N/A,#N/A,12079.426,0,500,0,0,
20160927,0.365801811,0.028536888,0.605661273,24.275295,#N/A,#N/A,12137.6475,0,500,0,0,
20160928,0.551862001,0.028708216,0.419429749,24.224215,#N/A,#N/A,0,0,0,0,0,
20160929,0.341734231,0.031374786,0.626891017,24.460299,#N/A,#N/A,12230.1495,0,500,0,0,
20160930,0.433286399,0.028141748,0.538571894,24.092657,#N/A,#N/A,12046.3285,0,500,0,0,
20161003,0.306035161,0.027173769,0.666791081,24.331087,#N/A,#N/A,12165.5435,0,500,0,0,
20161004,0.196471304,0.022562977,0.780965805,24.331936,#N/A,#N/A,12165.968,0,500,0,0,
20161005,0.596126854,0.021572955,0.382300228,24.501501,#N/A,#N/A,0,0,0,0,0,
20161006,0.180765435,0.020350665,0.798883915,24.668566,#N/A,#N/A,12334.283,0,500,0,0,
20161007,0.318833202,0.024767114,0.656399667,24.581705,#N/A,#N/A,12290.8525,0,500,0,0,
20161011,0.476479441,0.025796724,0.497723848,24.403467,#N/A,#N/A,12201.7335,0,500,0,0,
20161012,0.452005208,0.028639533,0.519355297,24.087841,#N/A,#N/A,12043.9205,0,500,0,0,
20161013,0.739438474,0.020666031,0.239895463,23.84,#N/A,#N/A,0,0,0,0,0,
20161014,0.659595966,0.023244694,0.317159414,23.939976,#N/A,#N/A,0,0,0,0,0,
20161017,0.790809929,0.017297903,0.191892177,23.793427,#N/A,#N/A,0,0,0,0,0,
20161018,0.512300074,0.022976901,0.46472308,24.087444,#N/A,#N/A,0,0,0,0,0,
20161019,0.15765126,0.017744161,0.824604571,24.098175,#N/A,#N/A,12049.0875,0,500,0,0,
20161020,0.141855776,0.015592987,0.842551231,24.20954,#N/A,#N/A,12104.77,0,500,0,0,
20161024,0.085227482,0.013237359,0.901535153,24.247843,#N/A,#N/A,12123.9215,0,500,0,0,
20161025,0.151336238,0.016201291,0.83246249,24.356297,#N/A,#N/A,12178.1485,0,500,0,0,
20161026,0.572149515,0.021733055,0.406117409,24.138094,#N/A,#N/A,0,0,0,0,0,
20161027,0.723380625,0.018340487,0.258278906,23.87604,#N/A,#N/A,0,0,0,0,0,
20161028,0.740343034,0.019215122,0.240441829,23.751574,#N/A,#N/A,0,0,0,0,0,
20161031,0.784956872,0.01819735,0.196845815,23.10915,#N/A,#N/A,0,0,0,0,0,
20161101,0.508270681,0.026251836,0.465477437,23.371386,#N/A,#N/A,0,0,0,0,0,
20161102,0.802132189,0.016544892,0.181322843,22.988817,#N/A,#N/A,0,0,0,0,0,
20161103,0.852272868,0.013040028,0.134687155,22.929714,#N/A,#N/A,0,0,0,0,0,
20161104,0.953401089,0.005264342,0.041334622,22.857641,#N/A,#N/A,0,0,0,0,0,
20161107,0.906204998,0.008446956,0.085348092,22.952065,#N/A,#N/A,0,0,0,0,0,
20161108,0.315655529,0.023497844,0.660846651,23.02471,#N/A,#N/A,11512.355,0,500,0,0,
20161109,0.732148349,0.018149005,0.249702618,22.478674,#N/A,#N/A,0,0,0,0,0,
20161110,0.122339673,0.016283315,0.861377001,23.031464,#N/A,#N/A,11515.732,0,500,0,0,
20161111,0.548639655,0.023018941,0.428341359,22.694065,#N/A,#N/A,0,0,0,0,0,
20161114,0.912880242,0.009318462,0.07780125,22.394035,#N/A,#N/A,0,0,0,0,0,
20161115,0.669149816,0.020404968,0.310445219,22.46218,#N/A,#N/A,0,0,0,0,0,
20161116,0.899240553,0.011001472,0.089757949,22.54495,#N/A,#N/A,0,0,0,0,0,
20161117,0.652505517,0.023498107,0.323996395,22.404633,#N/A,#N/A,0,0,0,0,0,
20161118,0.453018039,0.029681886,0.517300069,22.439997,#N/A,#N/A,11219.9985,0,500,0,0,
20161121,0.320121437,0.028193783,0.651684821,22.523832,#N/A,#N/A,11261.916,0,500,0,0,
20161122,0.20338127,0.023343805,0.773274958,22.819141,#N/A,#N/A,11409.5705,0,500,0,0,
20161123,0.132484779,0.019189291,0.848325908,22.897352,#N/A,#N/A,11448.676,0,500,0,0,
20161124,0.094989046,0.016466334,0.888544679,22.748737,#N/A,#N/A,11374.3685,0,500,0,0,
20161125,0.088187672,0.015323375,0.896489024,22.87726,#N/A,#N/A,11438.63,0,500,0,0,
20161128,0.173709378,0.019676609,0.806613982,23.071608,#N/A,#N/A,11535.804,0,500,0,0,
20161129,0.29261598,0.023690129,0.683693886,22.986818,#N/A,#N/A,11493.409,0,500,0,0,
20161130,0.465240717,0.023108581,0.511650681,22.974083,#N/A,#N/A,11487.0415,0,500,0,0,
20161201,0.277143747,0.022479234,0.700376987,23.092604,#N/A,#N/A,11546.302,0,500,0,0,
20161202,0.635347068,0.022083964,0.342568994,22.81822,#N/A,#N/A,0,0,0,0,0,
20161205,0.811113656,0.017128028,0.171758279,22.671486,#N/A,#N/A,0,0,0,0,0,
20161206,0.49981612,0.027347222,0.472836703,22.880548,#N/A,#N/A,0,0,0,0,0,
20161207,0.475080311,0.027455356,0.497464359,22.952282,#N/A,#N/A,11476.141,0,500,0,0,
20161208,0.051234089,0.01227452,0.93649143,23.154587,#N/A,#N/A,11577.2935,0,500,0,0,
20161209,0.021300055,0.005516225,0.973183692,22.922573,#N/A,#N/A,11461.2865,0,500,0,0,
20161212,0.11490871,0.01495593,0.870135367,22.716904,#N/A,#N/A,11358.452,0,500,0,0,
20161213,0.336542249,0.023875827,0.639581919,22.540485,#N/A,#N/A,11270.2425,0,500,0,0,
20161214,0.646575749,0.02297027,0.330453932,22.70447,#N/A,#N/A,0,0,0,0,0,
20161215,0.83858037,0.0164566,0.144963071,22.242384,#N/A,#N/A,0,0,0,0,0,
20161216,0.727265,0.020620139,0.252114892,22.194883,#N/A,#N/A,0,0,0,0,0,
20161219,0.742913008,0.019874169,0.237212852,22.010672,#N/A,#N/A,0,0,0,0,0,
20161220,0.863090158,0.013846926,0.123062931,21.929663,#N/A,#N/A,0,0,0,0,0,
20161221,0.649698138,0.023922443,0.326379389,21.992662,#N/A,#N/A,0,0,0,0,0,
20161222,0.650407553,0.024160534,0.325431913,21.817436,#N/A,#N/A,0,0,0,0,0,
20161223,0.721171856,0.022875978,0.255952209,21.657625,#N/A,#N/A,0,0,0,0,0,
20161228,0.437446445,0.027557846,0.534995735,21.750853,#N/A,#N/A,10875.4265,0,500,0,0,
20161229,0.45634672,0.028852073,0.514801204,21.864882,#N/A,#N/A,10932.441,0,500,0,0,
20161230,0.332463503,0.027256643,0.64027983,22.1108,#N/A,#N/A,11055.4,0,500,0,0,
20170103,0.102675706,0.01719855,0.880125761,22.20861,#N/A,#N/A,11104.305,0,500,0,0,
20170104,0.06963376,0.013453162,0.916913033,22.282001,#N/A,#N/A,11141.0005,0,500,0,0,
20170105,0.040632635,0.009887417,0.949479938,22.559143,#N/A,#N/A,11279.5715,0,500,0,0,
20170106,0.037346099,0.009679511,0.952974439,22.680714,#N/A,#N/A,11340.357,0,500,0,0,
20170109,0.065076448,0.013615415,0.9213081,22.69481,#N/A,#N/A,11347.405,0,500,0,0,
20170110,0.200588942,0.025156207,0.774254858,22.814121,#N/A,#N/A,11407.0605,0,500,0,0,
20170111,0.227814779,0.027853116,0.744332135,23.068216,#N/A,#N/A,11534.108,0,500,0,0,
20170112,0.275983065,0.02998697,0.694029987,23.056644,#N/A,#N/A,11528.322,0,500,0,0,
20170113,0.331065387,0.032217946,0.636716664,23.101871,#N/A,#N/A,11550.9355,0,500,0,0,
20170116,0.399417371,0.031258732,0.569323838,22.897028,#N/A,#N/A,11448.514,0,500,0,0,
20170117,0.591226161,0.027747607,0.381026208,22.977377,#N/A,#N/A,0,0,0,0,0,
20170118,0.623506069,0.026073825,0.350420117,23.27954,#N/A,#N/A,0,0,0,0,0,
20170119,0.59872365,0.026120054,0.375156313,23.181894,#N/A,#N/A,0,0,0,0,0,
20170120,0.526332855,0.02610036,0.447566777,23.099163,#N/A,#N/A,0,0,0,0,0,
20170123,0.431165546,0.026757259,0.542077184,23.094978,#N/A,#N/A,11547.489,0,500,0,0,
20170124,0.279616028,0.025542902,0.694841087,23.100227,#N/A,#N/A,11550.1135,0,500,0,0,
20170125,0.160136014,0.021925036,0.817938924,23.181564,#N/A,#N/A,11590.782,0,500,0,0,
20170126,0.095502511,0.016426656,0.888070822,23.510052,#N/A,#N/A,11755.026,0,500,0,0,
20170127,0.091476075,0.017122656,0.891401231,23.524706,#N/A,#N/A,11762.353,0,500,0,0,
20170201,0.244946212,0.02311774,0.731936038,23.376257,#N/A,#N/A,11688.1285,0,500,0,0,
20170202,0.627095461,0.02383001,0.349074602,23.436413,#N/A,#N/A,0,0,0,0,0,
20170203,0.744597316,0.021331931,0.234070718,23.259853,#N/A,#N/A,0,0,0,0,0,
20170206,0.694327056,0.021996878,0.283676088,23.428,#N/A,#N/A,0,0,0,0,0,
20170207,0.583157539,0.026828365,0.390014082,23.505,#N/A,#N/A,0,0,0,0,0,
20170208,0.331061751,0.026234437,0.642703772,23.512503,#N/A,#N/A,11756.2515,0,500,0,0,
20170209,0.229569584,0.023757195,0.746673226,23.727917,#N/A,#N/A,11863.9585,0,500,0,0,
20170210,0.154817522,0.020697756,0.824484766,23.819988,#N/A,#N/A,11909.994,0,500,0,0,
20170213,0.062432885,0.013093166,0.924473941,23.84983,#N/A,#N/A,11924.915,0,500,0,0,
20170214,0.077738829,0.013679418,0.908581734,23.883686,#N/A,#N/A,11941.843,0,500,0,0,
20170215,0.087906651,0.013270046,0.898823261,24.170343,#N/A,#N/A,12085.1715,0,500,0,0,
20170216,0.142590582,0.017716369,0.83969301,24.257135,#N/A,#N/A,12128.5675,0,500,0,0,
20170217,0.369524628,0.024629069,0.605846286,24.243616,#N/A,#N/A,12121.808,0,500,0,0,
20170220,0.294375271,0.024109168,0.681515515,24.34039,#N/A,#N/A,12170.195,0,500,0,0,
20170221,0.251532078,0.025079506,0.723388433,24.291903,#N/A,#N/A,12145.9515,0,500,0,0,
20170222,0.261350423,0.024147749,0.714501858,24.338657,#N/A,#N/A,12169.3285,0,500,0,0,
20170223,0.221799821,0.022384552,0.755815625,24.35007,#N/A,#N/A,12175.035,0,500,0,0,
20170224,0.398774475,0.026320074,0.574905455,24.299887,#N/A,#N/A,12149.9435,0,500,0,0,
20170227,0.685095191,0.022209894,0.292694956,24.226065,#N/A,#N/A,0,0,0,0,0,
20170228,0.725865126,0.021798436,0.252336413,24.131521,#N/A,#N/A,0,0,0,0,0,
20170301,0.773856759,0.019766212,0.206376985,24.052208,#N/A,#N/A,0,0,0,0,0,
20170302,0.445038348,0.026617981,0.528343618,24.148817,#N/A,#N/A,12074.4085,0,500,0,0,
20170303,0.533326626,0.026177356,0.440496027,23.826057,#N/A,#N/A,0,0,0,0,0,
20170306,0.449624747,0.025848746,0.524526536,23.88559,#N/A,#N/A,11942.795,0,500,0,0,
20170307,0.268943131,0.02453392,0.706522942,23.947338,#N/A,#N/A,11973.669,0,500,0,0,
20170308,0.504183412,0.02901954,0.466797084,23.99136,#N/A,#N/A,0,0,0,0,0,
20170309,0.441590607,0.027474217,0.530935168,23.79523,#N/A,#N/A,11897.615,0,500,0,0,
20170310,0.576549947,0.025086688,0.398363352,23.793257,#N/A,#N/A,0,0,0,0,0,
20170313,0.554682493,0.02559942,0.419717997,24.009111,#N/A,#N/A,0,0,0,0,0,
20170314,0.36205861,0.025905622,0.612035692,24.09782,7.198954,7.203725,12048.91,0,500,0,0,
20170315,0.234810665,0.023548938,0.741640389,24.019272,7.218322,7.17331,717.331,0,0,0,100,
20170316,0.085556857,0.016891805,0.897551298,24.395037,7.092978,7.374334,737.4334,0,0,0,100,
20170317,0.099271506,0.016795287,0.883933246,24.624495,7.040303,7.521893,752.1893,0,0,0,100,
20170320,0.242565542,0.021536876,0.735897601,24.719887,7.005683,7.580062,758.0062,0,0,0,100,
20170321,0.151544452,0.020046517,0.828409016,24.881939,6.962501,7.68799,768.799,0,0,0,100,
20170322,0.717277408,0.021404512,0.261318117,24.568233,7.046339,7.494428,0,704.6339,0,100,0,
20170323,0.771527529,0.018924976,0.209547505,24.646904,7.023676,7.545429,0,702.3676,0,100,0,
20170324,0.623849034,0.024807405,0.351343513,24.614754,7.031228,7.51977,0,703.1228,0,100,0,
20170327,0.754428327,0.019469935,0.226101771,24.574524,7.046564,7.524383,0,704.6564,0,100,0,
20170328,0.255343139,0.025089432,0.719567478,24.608894,7.02574,7.524011,752.4011,0,0,0,100,
20170329,0.19305785,0.021586495,0.785355628,24.688086,7.008554,7.561037,756.1037,0,0,0,100,
20170330,0.239918396,0.024847781,0.735233843,24.570091,7.039339,7.485828,748.5828,0,0,0,100,
20170331,0.296479851,0.025036834,0.678483367,24.443535,7.079881,7.416467,12221.7675,0,500,0,0,
20170403,0.447591782,0.025500152,0.5269081,24.498264,7.063252,7.440516,12249.132,0,500,0,0,
20170405,0.342795581,0.025265716,0.631938756,24.591526,7.047233,7.480702,12295.763,0,500,0,0,
20170406,0.503581464,0.024017747,0.472400784,24.55057,7.044712,7.466334,0,704.4712,0,100,0,
20170407,0.394903928,0.023711178,0.581384957,24.383188,7.104587,7.34668,12191.594,0,500,0,0,
20170410,0.375876516,0.024427483,0.59969604,24.550701,7.048292,7.450435,12275.3505,0,500,0,0,
20170411,0.650991559,0.024164224,0.324844182,24.391205,7.078862,7.343888,0,707.8862,0,100,0,
20170412,0.580577612,0.027664328,0.391758084,24.439095,7.081803,7.332385,0,708.1803,0,100,0,
20170413,0.633923769,0.027037045,0.339039177,24.559116,7.042974,7.459091,0,704.2974,0,100,0,
20170418,0.861929297,0.015666239,0.122404419,24.309864,7.128627,7.315763,0,712.8627,0,100,0,
20170419,0.888800144,0.012669411,0.09853036,24.078285,7.191797,7.142873,0,719.1797,0,100,0,
20170420,0.867471099,0.013352212,0.119176738,24.237253,7.143549,7.226346,0,714.3549,0,100,0,
20170421,0.682071984,0.022922503,0.29500559,24.418867,7.102122,7.342364,0,710.2122,0,100,0,
20170424,0.390469879,0.028772542,0.580757558,24.408394,7.100883,7.314203,12204.197,0,500,0,0,
20170425,0.164466679,0.017564468,0.817968786,24.696316,7.012998,7.496506,749.6506,0,0,0,100,
20170426,0.054747719,0.010901231,0.934351027,24.909964,6.947709,7.64611,764.611,0,0,0,100,
20170427,0.122204497,0.017128708,0.860666811,24.776903,6.939331,7.6179,761.79,0,0,0,100,
20170428,0.134614348,0.017069923,0.848315716,24.795235,6.935784,7.674715,767.4715,0,0,0,100,
20170502,0.175192714,0.02441841,0.800388932,24.824842,6.928442,7.712428,771.2428,0,0,0,100,
20170504,0.299844652,0.026316868,0.673838437,24.760801,6.942666,7.647103,12380.4005,0,500,0,0,
20170505,0.492216974,0.02517527,0.482607782,24.61853,6.984136,7.565184,0,698.4136,0,100,0,
20170508,0.208236709,0.02241062,0.769352734,24.709291,6.958575,7.612494,761.2494,0,0,0,100,
20170509,0.341245919,0.026102435,0.632651627,24.866516,6.898813,7.724269,12433.258,0,500,0,0,
20170510,0.478492856,0.028328573,0.493178666,25.222902,6.816392,7.950809,12611.451,0,500,0,0,
20170511,0.162283555,0.023846805,0.813869655,25.283125,6.797637,7.96739,796.739,0,0,0,100,
20170512,0.400932431,0.02916,0.569907546,25.305016,6.795192,7.991339,12652.508,0,500,0,0,
20170515,0.316860437,0.026563719,0.656575859,25.500578,6.738641,8.095358,12750.289,0,500,0,0,
20170516,0.196761712,0.023164632,0.780073643,25.548576,6.726417,8.134478,813.4478,0,0,0,100,
20170517,0.51536113,0.027257945,0.457380891,25.526285,6.730623,8.130899,0,673.0623,0,100,0,
20170518,0.740109801,0.021262556,0.238627642,25.423912,6.761108,8.077905,0,676.1108,0,100,0,
20170519,0.928818226,0.008733681,0.062448077,25.447489,6.748219,8.077791,0,674.8219,0,100,0,
20170522,0.897903144,0.011334507,0.090762392,25.629522,6.709603,8.19587,0,670.9603,0,100,0,
20170523,0.867465675,0.013296687,0.119237684,25.657825,6.698956,8.212737,0,669.8956,0,100,0,
20170524,0.533286929,0.026000779,0.440712333,25.618933,6.702074,8.186043,0,670.2074,0,100,0,
20170525,0.091237046,0.017578477,0.891184449,25.869678,6.640595,8.347314,834.7314,0,0,0,100,
20170526,0.161882833,0.022829225,0.815287888,25.902826,6.624757,8.36682,836.682,0,0,0,100,
20170529,0.12237189,0.019796524,0.857831597,25.947248,6.611123,8.385122,838.5122,0,0,0,100,
20170531,0.228262186,0.024450889,0.747286916,26.014801,6.600477,8.440278,844.0278,0,0,0,100,
20170601,0.538683295,0.023643985,0.437672764,25.994068,6.593925,8.425084,0,659.3925,0,100,0,
20170602,0.345485389,0.02475268,0.629761875,26.203772,6.550203,8.554492,13101.886,0,500,0,0,
20170605,0.293139726,0.023525244,0.683335066,26.192368,6.551417,8.553357,13096.184,0,500,0,0,
20170606,0.381942123,0.024181394,0.593876541,26.240774,6.532627,8.574612,13120.387,0,500,0,0,
20170607,0.227936089,0.023045965,0.749017894,26.321196,6.520366,8.633655,863.3655,0,0,0,100,
20170608,0.40534547,0.024983039,0.569671512,26.349705,6.508079,8.632256,13174.8525,0,500,0,0,
20170609,0.380634248,0.025091756,0.594274044,26.38082,6.506018,8.660702,13190.41,0,500,0,0,
20170612,0.393265605,0.025293633,0.581440747,26.169687,6.556084,8.52255,13084.8435,0,500,0,0,
20170613,0.410169542,0.026317481,0.563513041,26.174519,6.56096,8.512435,13087.2595,0,500,0,0,
20170614,0.42606461,0.027690766,0.546244621,26.157148,6.556606,8.510944,13078.574,0,500,0,0,
20170615,0.590270936,0.025859307,0.383869767,25.980211,6.609646,8.393782,0,660.9646,0,100,0,
20170616,0.392449141,0.0283306,0.579220235,26.034977,6.599099,8.427045,13017.4885,0,500,0,0,
20170619,0.3469055,0.026577903,0.62651664,26.224209,6.541346,8.53089,13112.1045,0,500,0,0,
20170620,0.384444684,0.025272762,0.590282559,26.25554,6.527394,8.578464,13127.77,0,500,0,0,
20170621,0.528294563,0.023505332,0.448200077,26.075207,6.589176,8.459822,0,658.9176,0,100,0,
20170622,0.586514056,0.022362463,0.391123503,26.179647,6.555249,8.528985,0,655.5249,0,100,0,
20170623,0.674379468,0.020751741,0.304868788,26.164454,6.555347,8.511259,0,655.5347,0,100,0,
20170626,0.544993043,0.024058973,0.430947989,26.260483,6.534715,8.567569,0,653.4715,0,100,0,
20170627,0.216460779,0.023966067,0.759573162,26.319794,6.514855,8.615643,861.5643,0,0,0,100,
20170628,0.265099585,0.027489731,0.707410753,26.168446,6.550219,8.510621,851.0621,0,0,0,100,
20170629,0.178499043,0.0261246,0.795376301,26.350302,6.499341,8.645267,864.5267,0,0,0,100,
20170630,0.319439143,0.031579468,0.648981452,26.20394,6.545566,8.542637,13101.97,0,500,0,0,
20170703,0.46548605,0.031941045,0.502572894,26.28846,6.526378,8.581689,13144.23,0,500,0,0,
20170704,0.357495129,0.030465692,0.612039149,26.068329,6.547205,8.416061,13034.1645,0,500,0,0,
20170705,0.494503796,0.028557718,0.476938486,25.958551,6.615985,8.330678,0,661.5985,0,100,0,
20170706,0.37081185,0.026928136,0.602259994,26.098341,6.568868,8.454001,13049.1705,0,500,0,0,
20170707,0.533417344,0.026295163,0.440287471,25.98364,6.607323,8.356746,0,660.7323,0,100,0,
20170710,0.534629762,0.024742557,0.440627664,26.167105,6.54609,8.489797,0,654.609,0,100,0,
20170711,0.420892864,0.025588119,0.55351907,26.417236,6.490708,8.684021,13208.618,0,500,0,0,
20170712,0.548682511,0.026289808,0.425027758,26.703814,6.411991,8.847194,0,641.1991,0,100,0,
20170713,0.196973562,0.022719195,0.780307233,26.967669,6.349415,9.025672,902.5672,0,0,0,100,
20170714,0.14251256,0.019503359,0.837984085,27.00233,6.343458,9.040382,904.0382,0,0,0,100,
20170717,0.204849482,0.024359036,0.770791411,27.133348,6.307724,9.140453,914.0453,0,0,0,100,
20170718,0.189239189,0.022129053,0.788631737,27.11433,6.313542,9.122649,912.2649,0,0,0,100,
20170719,0.220202401,0.024985528,0.754812121,27.286625,6.281748,9.220593,922.0593,0,0,0,100,
20170720,0.256166846,0.026479829,0.717353344,27.377241,6.250387,9.278569,927.8569,0,0,0,100,
20170721,0.397542536,0.028022528,0.574434936,27.361217,6.258978,9.28381,13680.6085,0,500,0,0,
20170724,0.31075266,0.027835585,0.661411703,27.498022,6.226194,9.365277,13749.011,0,500,0,0,
20170725,0.409954995,0.029303238,0.560741723,27.49966,6.225692,9.372702,13749.83,0,500,0,0,
20170726,0.415076554,0.029967722,0.554955721,27.54427,6.215798,9.393777,13772.135,0,500,0,0,
20170727,0.249617875,0.025162617,0.725219488,27.726,6.187111,9.484134,948.4134,0,0,0,100,
20170728,0.492043346,0.025803298,0.482153386,27.645681,6.193861,9.480839,0,619.3861,0,100,0,
20170731,0.49047783,0.025903318,0.483618796,27.85519,6.149745,9.593493,0,614.9745,0,100,0,
20170801,0.39604938,0.025847858,0.578102708,28.141,6.079571,9.811113,14070.5,0,500,0,0,
20170802,0.402331024,0.025990602,0.57167834,28.320122,6.047896,9.924805,14160.061,0,500,0,0,
20170803,0.295672387,0.026410267,0.677917361,28.224108,6.062396,9.859371,14112.054,0,500,0,0,
20170804,0.378579348,0.025847225,0.595573425,28.248957,6.058334,9.888725,14124.4785,0,500,0,0,
20170807,0.419470578,0.025009267,0.555520117,28.350977,6.033656,9.971724,14175.4885,0,500,0,0,
20170808,0.483355016,0.026621947,0.490023017,28.412254,6.017601,9.954442,14206.127,0,500,0,0,
20170809,0.526653886,0.025989193,0.44735691,28.425901,6.023486,9.986734,0,602.3486,0,100,0,
20170810,0.640275478,0.024316,0.335408509,28.12787,6.080071,9.791269,0,608.0071,0,100,0,
20170811,0.926934421,0.008876338,0.064189322,27.693823,6.168973,9.534229,0,616.8973,0,100,0,
20170814,0.93458128,0.007780508,0.057638228,27.84792,6.138622,9.592948,0,613.8622,0,100,0,
20170815,0.768339813,0.019078163,0.212582082,28.004293,6.102477,9.714319,0,610.2477,0,100,0,
20170816,0.594704568,0.023483589,0.381811798,28.016323,6.104441,9.703237,0,610.4441,0,100,0,
20170817,0.170950592,0.021442555,0.807606816,28.08742,6.082614,9.748953,974.8953,0,0,0,100,
20170818,0.303780556,0.024353925,0.671865523,27.801117,6.142377,9.549703,13900.5585,0,500,0,0,
20170821,0.499659419,0.025581973,0.474758536,27.860079,6.131009,9.605893,0,613.1009,0,100,0,
20170822,0.468481839,0.028049139,0.50346899,28.144623,6.06847,9.785113,14072.3115,0,500,0,0,
20170824,0.461591691,0.027284211,0.511124134,28.258406,6.04392,9.876479,14129.203,0,500,0,0,
20170825,0.13875629,0.020447502,0.840796232,28.461716,5.993618,9.968496,996.8496,0,0,0,100,
20170828,0.156593382,0.019562261,0.823844314,28.681028,5.947511,10.197318,1019.7318,0,0,0,100,
20170829,0.243560672,0.02153925,0.734900057,28.515434,5.989557,10.043562,1004.3562,0,0,0,100,
20170830,0.271103591,0.024724498,0.704171896,28.764978,5.929658,10.230112,1023.0112,0,0,0,100,
20170831,0.424611837,0.026037518,0.549350619,28.759478,5.929425,10.252945,14379.739,0,500,0,0,
20170901,0.380338848,0.026221778,0.593439341,28.842342,5.912565,10.316234,14421.171,0,500,0,0,
